fqdn_id,registered_domain_id
1,1598
2,742
3,813
4,1875
5,611
6,2036
7,1528
8,1132
9,1895
10,1812
11,662
12,2421
13,1166
14,844
15,170
16,1420
17,1386
18,2242
19,1555
20,956
21,1004
22,12
23,1344
24,1119
25,2481
26,1132
27,1638
28,2066
29,873
30,1636
31,1876
32,697
33,1989
34,1744
35,2361
36,27
37,28
38,302
39,1806
40,46
41,2420
42,956
43,766
44,689
45,401
46,1120
47,1698
48,232
49,394
50,2141
51,669
52,36
53,1945
54,37
55,775
56,1625
57,38
58,2012
59,1079
60,215
61,1355
62,265
63,1008
64,1716
65,1253
66,563
67,1742
68,1985
69,304
70,111
71,1326
72,1903
73,2371
74,1568
75,1318
76,1258
77,1558
78,1565
79,1127
80,56
81,988
82,2156
83,1600
84,1100
85,734
86,2310
87,1561
88,578
89,441
90,1203
91,844
92,562
93,2404
94,1672
95,1809
96,573
97,72
98,2420
99,1095
100,629
101,75
102,937
103,422
104,689
105,80
106,872
107,2372
108,1026
109,2485
110,1920
111,169
112,1233
113,2178
114,529
115,2045
116,1348
117,1774
118,948
119,1393
120,528
121,1222
122,2450
123,1568
124,104
125,900
126,883
127,736
128,35
129,457
130,68
131,1677
132,222
133,1662
134,796
135,2430
136,156
137,1264
138,1003
139,568
140,1357
141,2104
142,988
143,123
144,125
145,473
146,292
147,1558
148,2150
149,1876
150,1900
151,1678
152,1833
153,608
154,1234
155,208
156,1350
157,1096
158,213
159,1956
160,345
161,1826
162,1807
163,824
164,1194
165,481
166,1945
167,2345
168,2114
169,1289
170,1463
171,14
172,214
173,641
174,258
175,1932
176,1387
177,1636
178,407
179,325
180,1368
181,1307
182,1213
183,1883
184,437
185,1726
186,1215
187,877
188,752
189,1945
190,72
191,1594
192,852
193,1027
194,1016
195,1044
196,1333
197,331
198,922
199,562
200,483
201,985
202,1167
203,629
204,577
205,1736
206,647
207,1945
208,181
209,1632
210,1375
211,8
212,1391
213,36
214,70
215,185
216,1447
217,996
218,420
219,380
220,1322
221,2099
222,25
223,371
224,450
225,200
226,1642
227,629
228,900
229,2455
230,1875
231,1166
232,1616
233,1970
234,461
235,755
236,648
237,1431
238,807
239,1510
240,573
241,210
242,1736
243,1044
244,1895
245,2417
246,499
247,457
248,1876
249,2191
250,2431
251,647
252,1534
253,2123
254,219
255,536
256,2406
257,649
258,1726
259,413
260,1553
261,1449
262,1855
263,82
264,1726
265,900
266,1251
267,2026
268,512
269,2356
270,662
271,1569
272,2325
273,1726
274,229
275,806
276,1613
277,142
278,251
279,662
280,1851
281,1636
282,1463
283,1482
284,2030
285,1226
286,696
287,1636
288,241
289,1020
290,1824
291,2479
292,1502
293,1219
294,2177
295,244
296,1618
297,247
298,371
299,1636
300,740
301,1375
302,247
303,536
304,2029
305,972
306,133
307,557
308,604
309,215
310,2018
311,2299
312,266
313,1826
314,144
315,169
316,449
317,1582
318,1971
319,250
320,1018
321,1355
322,588
323,793
324,1916
325,898
326,142
327,285
328,991
329,1092
330,1636
331,1728
332,1845
333,658
334,2317
335,1156
336,992
337,1947
338,2345
339,853
340,53
341,2127
342,2006
343,1132
344,295
345,2006
346,1009
347,1129
348,77
349,1569
350,1548
351,1527
352,1511
353,895
354,192
355,969
356,862
357,2026
358,659
359,812
360,2397
361,411
362,1636
363,2139
364,522
365,1970
366,408
367,860
368,2212
369,963
370,1995
371,1636
372,1757
373,2309
374,986
375,590
376,1157
377,1034
378,636
379,2362
380,2463
381,1284
382,162
383,2353
384,336
385,1965
386,931
387,44
388,2010
389,1469
390,2171
391,793
392,801
393,2375
394,1044
395,1784
396,1016
397,2407
398,696
399,396
400,1106
401,290
402,427
403,1207
404,343
405,1669
406,562
407,1461
408,784
409,2472
410,1636
411,1383
412,2221
413,1570
414,1096
415,2308
416,666
417,844
418,163
419,1875
420,613
421,1241
422,1327
423,814
424,1857
425,2008
426,1202
427,2462
428,313
429,586
430,144
431,1486
432,1726
433,1149
434,1875
435,629
436,1377
437,1934
438,1632
439,2086
440,1871
441,2264
442,1363
443,1747
444,1500
445,505
446,379
447,382
448,384
449,1642
450,2247
451,2184
452,231
453,632
454,1676
455,636
456,2149
457,1642
458,423
459,1538
460,1275
461,1054
462,1009
463,2453
464,1568
465,1918
466,90
467,2277
468,2003
469,241
470,1071
471,1779
472,46
473,1407
474,552
475,1741
476,1165
477,1203
478,1415
479,2009
480,2465
481,553
482,2418
483,2281
484,549
485,988
486,2213
487,988
488,449
489,943
490,1690
491,1379
492,2199
493,496
494,13
495,2092
496,1477
497,2072
498,109
499,1882
500,1253
501,1945
502,1558
503,1937
504,1069
505,1066
506,1509
507,2145
508,544
509,988
510,944
511,878
512,562
513,216
514,1907
515,629
516,1479
517,1636
518,434
519,1009
520,300
521,284
522,435
523,2137
524,285
525,734
526,2369
527,1873
528,1329
529,2006
530,1841
531,169
532,838
533,2316
534,2083
535,1106
536,518
537,574
538,426
539,2370
540,1933
541,1439
542,483
543,11
544,786
545,972
546,1203
547,1957
548,160
549,1014
550,1677
551,937
552,1247
553,1186
554,1572
555,1132
556,1185
557,436
558,1636
559,463
560,2066
561,641
562,231
563,817
564,1009
565,154
566,1467
567,844
568,470
569,562
570,1429
571,1636
572,625
573,641
574,601
575,1786
576,1584
577,679
578,1368
579,242
580,1510
581,1177
582,948
583,478
584,1077
585,2002
586,514
587,1945
588,985
589,691
590,2389
591,484
592,247
593,487
594,913
595,488
596,2087
597,2081
598,863
599,1651
600,1011
601,1155
602,1636
603,1581
604,1023
605,1497
606,1876
607,1126
608,1334
609,2375
610,786
611,87
612,1365
613,1200
614,540
615,1636
616,696
617,1843
618,675
619,624
620,2250
621,1455
622,1071
623,746
624,1034
625,573
626,623
627,1525
628,231
629,2403
630,1203
631,916
632,734
633,1778
634,2284
635,720
636,1619
637,380
638,1199
639,430
640,1060
641,1722
642,1625
643,15
644,2329
645,2384
646,1988
647,744
648,527
649,817
650,311
651,371
652,1667
653,1302
654,17
655,1995
656,988
657,454
658,380
659,159
660,1483
661,917
662,1749
663,1782
664,554
665,1577
666,176
667,62
668,2440
669,647
670,1151
671,503
672,552
673,320
674,314
675,1579
676,2247
677,1852
678,2094
679,1185
680,530
681,1645
682,2008
683,285
684,1217
685,1884
686,1945
687,135
688,1932
689,2376
690,2429
691,698
692,1140
693,747
694,483
695,1584
696,2104
697,463
698,519
699,2032
700,1765
701,1843
702,466
703,1223
704,294
705,2370
706,203
707,1564
708,1659
709,1189
710,1805
711,862
712,9
713,1828
714,862
715,1430
716,914
717,144
718,439
719,1345
720,2433
721,1423
722,2129
723,2264
724,1041
725,988
726,1143
727,1417
728,91
729,892
730,1749
731,2410
732,624
733,2040
734,268
735,573
736,1226
737,1196
738,2352
739,2453
740,1875
741,1636
742,930
743,709
744,1708
745,56
746,1643
747,76
748,774
749,1571
750,1449
751,320
752,1059
753,2272
754,597
755,634
756,636
757,102
758,381
759,60
760,827
761,892
762,1502
763,1347
764,258
765,1690
766,1032
767,758
768,235
769,619
770,113
771,880
772,621
773,1595
774,1458
775,765
776,622
777,598
778,696
779,1053
780,1697
781,625
782,1368
783,2104
784,2335
785,629
786,2361
787,974
788,1636
789,2140
790,1890
791,1466
792,253
793,1448
794,694
795,988
796,1923
797,1096
798,2327
799,77
800,1407
801,27
802,2453
803,1636
804,450
805,1222
806,2167
807,1651
808,1920
809,2268
810,997
811,1242
812,923
813,640
814,1607
815,519
816,1384
817,647
818,814
819,891
820,1443
821,1356
822,1096
823,109
824,1058
825,1425
826,655
827,1124
828,2236
829,815
830,15
831,660
832,1567
833,1870
834,1368
835,660
836,2127
837,1588
838,43
839,497
840,1294
841,963
842,2243
843,507
844,671
845,734
846,81
847,629
848,493
849,2375
850,2459
851,1636
852,1522
853,675
854,1242
855,140
856,537
857,374
858,1885
859,679
860,988
861,2369
862,740
863,762
864,1642
865,567
866,567
867,1100
868,1875
869,2396
870,1189
871,2345
872,2474
873,477
874,786
875,2075
876,609
877,1953
878,1945
879,1636
880,1865
881,1009
882,2485
883,872
884,2104
885,377
886,449
887,1007
888,1896
889,2034
890,1636
891,1896
892,1945
893,704
894,2323
895,2022
896,1286
897,2232
898,2255
899,1157
900,1749
901,364
902,1217
903,2325
904,844
905,985
906,734
907,1344
908,738
909,2359
910,109
911,629
912,336
913,104
914,1875
915,2409
916,1672
917,2233
918,65
919,1473
920,1876
921,463
922,116
923,481
924,1102
925,2
926,1988
927,2277
928,722
929,1296
930,892
931,859
932,264
933,1280
934,2072
935,1348
936,1217
937,2473
938,1831
939,592
940,1529
941,1824
942,1151
943,1834
944,2207
945,767
946,1798
947,1762
948,1915
949,633
950,1765
951,545
952,1318
953,1568
954,1946
955,2058
956,1188
957,1275
958,2272
959,1945
960,2010
961,1203
962,852
963,562
964,1009
965,735
966,68
967,426
968,511
969,905
970,1676
971,613
972,988
973,1968
974,1541
975,1572
976,499
977,2432
978,481
979,2242
980,1253
981,1942
982,1659
983,160
984,2020
985,1876
986,1077
987,1636
988,159
989,554
990,750
991,757
992,606
993,2187
994,814
995,948
996,778
997,1502
998,2104
999,1729
1000,977
1001,1875
1002,103
1003,1261
1004,1103
1005,353
1006,715
1007,2050
1008,74
1009,1382
1010,1016
1011,1092
1012,1060
1013,407
1014,777
1015,465
1016,82
1017,2229
1018,349
1019,247
1020,839
1021,642
1022,990
1023,1995
1024,1473
1025,2160
1026,632
1027,1308
1028,629
1029,696
1030,1636
1031,1241
1032,1636
1033,1009
1034,786
1035,2356
1036,1053
1037,2104
1038,1779
1039,1275
1040,1125
1041,844
1042,1000
1043,1182
1044,2163
1045,427
1046,629
1047,770
1048,1615
1049,948
1050,695
1051,2228
1052,2071
1053,1636
1054,1170
1055,2389
1056,1216
1057,734
1058,674
1059,2342
1060,1531
1061,119
1062,416
1063,459
1064,2104
1065,629
1066,988
1067,126
1068,463
1069,1141
1070,988
1071,647
1072,1060
1073,2347
1074,2479
1075,270
1076,549
1077,1254
1078,1441
1079,1972
1080,68
1081,826
1082,1429
1083,1782
1084,750
1085,2486
1086,474
1087,109
1088,331
1089,963
1090,263
1091,1197
1092,1591
1093,1226
1094,159
1095,412
1096,2453
1097,2258
1098,2250
1099,1473
1100,1706
1101,2025
1102,859
1103,1429
1104,97
1105,2410
1106,1891
1107,735
1108,1162
1109,1936
1110,844
1111,1627
1112,851
1113,1945
1114,2158
1115,33
1116,2425
1117,856
1118,917
1119,1650
1120,278
1121,842
1122,586
1123,1010
1124,1226
1125,612
1126,1026
1127,1968
1128,948
1129,131
1130,2345
1131,781
1132,1980
1133,1396
1134,747
1135,2474
1136,1611
1137,1761
1138,2230
1139,1203
1140,545
1141,1009
1142,1053
1143,1524
1144,2115
1145,2457
1146,1468
1147,1116
1148,679
1149,481
1150,1892
1151,1320
1152,1262
1153,1987
1154,398
1155,942
1156,1879
1157,670
1158,2373
1159,1876
1160,2033
1161,180
1162,1834
1163,1942
1164,812
1165,2134
1166,68
1167,740
1168,316
1169,796
1170,1875
1171,1654
1172,479
1173,1138
1174,1368
1175,2486
1176,675
1177,448
1178,2122
1179,449
1180,1515
1181,603
1182,1025
1183,470
1184,108
1185,723
1186,1002
1187,330
1188,1941
1189,2453
1190,2352
1191,1181
1192,1591
1193,806
1194,204
1195,1339
1196,269
1197,7
1198,391
1199,978
1200,912
1201,1061
1202,2376
1203,354
1204,1601
1205,835
1206,2480
1207,573
1208,2089
1209,718
1210,925
1211,1304
1212,1151
1213,1721
1214,489
1215,2349
1216,2248
1217,857
1218,68
1219,407
1220,559
1221,140
1222,408
1223,2205
1224,936
1225,2206
1226,737
1227,243
1228,1449
1229,1098
1230,2165
1231,1119
1232,1177
1233,1857
1234,965
1235,2386
1236,407
1237,68
1238,1875
1239,1167
1240,450
1241,695
1242,1088
1243,2144
1244,810
1245,280
1246,532
1247,472
1248,448
1249,427
1250,1553
1251,2370
1252,1908
1253,303
1254,1574
1255,599
1256,1672
1257,2261
1258,1510
1259,1822
1260,260
1261,1538
1262,1253
1263,1207
1264,768
1265,576
1266,1082
1267,369
1268,1141
1269,519
1270,1986
1271,2055
1272,140
1273,167
1274,184
1275,961
1276,366
1277,1409
1278,2422
1279,1945
1280,1726
1281,641
1282,1996
1283,1466
1284,1348
1285,535
1286,1875
1287,1609
1288,782
1289,1632
1290,2216
1291,988
1292,2080
1293,1343
1294,420
1295,948
1296,1579
1297,1297
1298,994
1299,1244
1300,696
1301,1009
1302,643
1303,1636
1304,865
1305,2019
1306,299
1307,949
1308,2053
1309,1726
1310,2286
1311,480
1312,1585
1313,1650
1314,1189
1315,140
1316,1046
1317,2266
1318,1009
1319,264
1320,285
1321,1345
1322,1813
1323,1653
1324,81
1325,2149
1326,2453
1327,1542
1328,913
1329,1434
1330,1945
1331,1270
1332,2074
1333,547
1334,636
1335,696
1336,481
1337,2260
1338,1510
1339,1368
1340,1731
1341,630
1342,992
1343,970
1344,2149
1345,794
1346,2360
1347,1143
1348,1964
1349,1526
1350,1280
1351,924
1352,503
1353,1850
1354,70
1355,1097
1356,1738
1357,248
1358,1502
1359,1648
1360,1558
1361,1189
1362,722
1363,734
1364,1239
1365,1559
1366,641
1367,1058
1368,1728
1369,339
1370,397
1371,2172
1372,1323
1373,90
1374,1258
1375,30
1376,631
1377,2463
1378,1070
1379,1542
1380,144
1381,571
1382,1743
1383,892
1384,1189
1385,1533
1386,985
1387,679
1388,1075
1389,570
1390,2054
1391,444
1392,552
1393,1371
1394,567
1395,2024
1396,641
1397,80
1398,898
1399,613
1400,562
1401,963
1402,843
1403,289
1404,1263
1405,707
1406,454
1407,2184
1408,30
1409,1009
1410,1104
1411,2296
1412,1636
1413,2469
1414,2391
1415,2117
1416,427
1417,2195
1418,1039
1419,1657
1420,657
1421,2485
1422,1059
1423,1298
1424,408
1425,2484
1426,2338
1427,70
1428,2226
1429,420
1430,502
1431,2070
1432,2485
1433,1028
1434,2113
1435,1284
1436,533
1437,1113
1438,2284
1439,862
1440,1946
1441,27
1442,975
1443,2025
1444,2464
1445,973
1446,1116
1447,898
1448,554
1449,697
1450,49
1451,1077
1452,697
1453,986
1454,450
1455,2233
1456,1169
1457,2063
1458,1444
1459,1096
1460,1219
1461,451
1462,278
1463,636
1464,693
1465,1167
1466,272
1467,169
1468,1670
1469,1189
1470,1954
1471,1499
1472,354
1473,712
1474,1559
1475,2212
1476,724
1477,1353
1478,1149
1479,1652
1480,759
1481,948
1482,298
1483,1736
1484,2059
1485,1846
1486,1688
1487,322
1488,358
1489,1772
1490,1159
1491,582
1492,1558
1493,283
1494,2180
1495,263
1496,1526
1497,2457
1498,1566
1499,716
1500,1260
1501,1590
1502,1945
1503,1009
1504,1736
1505,1221
1506,1252
1507,1214
1508,744
1509,838
1510,1946
1511,629
1512,463
1513,1899
1514,996
1515,967
1516,1880
1517,2236
1518,1854
1519,1175
1520,1636
1521,40
1522,865
1523,796
1524,642
1525,1544
1526,1177
1527,2008
1528,2104
1529,1945
1530,1021
1531,1701
1532,1875
1533,2474
1534,1069
1535,1928
1536,1185
1537,2008
1538,1205
1539,591
1540,1659
1541,1636
1542,291
1543,1191
1544,993
1545,408
1546,1195
1547,336
1548,647
1549,279
1550,841
1551,1589
1552,822
1553,2336
1554,1973
1555,2010
1556,2439
1557,788
1558,1013
1559,2434
1560,287
1561,287
1562,2186
1563,2260
1564,1444
1565,2145
1566,786
1567,1726
1568,1838
1569,869
1570,1444
1571,1384
1572,1581
1573,258
1574,1663
1575,1929
1576,2016
1577,2191
1578,2431
1579,937
1580,1167
1581,2179
1582,1736
1583,1337
1584,900
1585,502
1586,682
1587,1382
1588,629
1589,2139
1590,491
1591,1993
1592,1929
1593,167
1594,328
1595,362
1596,1589
1597,446
1598,1318
1599,687
1600,2247
1601,247
1602,1190
1603,1945
1604,1832
1605,817
1606,629
1607,1069
1608,2393
1609,1292
1610,1702
1611,1820
1612,93
1613,1390
1614,1287
1615,1355
1616,1876
1617,1253
1618,137
1619,1876
1620,1805
1621,801
1622,2144
1623,349
1624,1178
1625,1075
1626,986
1627,2426
1628,1261
1629,339
1630,2249
1631,1009
1632,1270
1633,2361
1634,92
1635,119
1636,1912
1637,2295
1638,1253
1639,1809
1640,354
1641,1293
1642,1903
1643,713
1644,158
1645,1538
1646,903
1647,958
1648,690
1649,420
1650,1151
1651,1140
1652,2458
1653,2325
1654,2212
1655,332
1656,1636
1657,2161
1658,941
1659,328
1660,64
1661,1297
1662,1216
1663,814
1664,1120
1665,1253
1666,2046
1667,2008
1668,675
1669,1017
1670,1011
1671,1740
1672,256
1673,619
1674,1366
1675,1253
1676,1945
1677,1209
1678,2162
1679,363
1680,2405
1681,647
1682,577
1683,398
1684,1285
1685,1311
1686,917
1687,1636
1688,2110
1689,1886
1690,127
1691,628
1692,520
1693,1046
1694,1636
1695,2056
1696,340
1697,2048
1698,2234
1699,948
1700,1510
1701,2325
1702,2272
1703,1501
1704,532
1705,1303
1706,2114
1707,2438
1708,767
1709,1876
1710,268
1711,917
1712,2054
1713,245
1714,1008
1715,2222
1716,753
1717,679
1718,437
1719,2137
1720,1252
1721,799
1722,483
1723,1474
1724,1306
1725,1976
1726,988
1727,1837
1728,408
1729,1203
1730,1736
1731,159
1732,2400
1733,1352
1734,19
1735,2420
1736,1965
1737,1342
1738,1190
1739,628
1740,918
1741,1509
1742,1911
1743,169
1744,1052
1745,641
1746,882
1747,1349
1748,112
1749,2008
1750,2323
1751,2352
1752,1077
1753,647
1754,1357
1755,2352
1756,108
1757,1220
1758,175
1759,462
1760,1267
1761,1360
1762,49
1763,1361
1764,1273
1765,2147
1766,675
1767,1749
1768,1368
1769,908
1770,708
1771,1883
1772,852
1773,1780
1774,433
1775,2046
1776,391
1777,605
1778,676
1779,1375
1780,322
1781,2182
1782,1253
1783,1722
1784,1381
1785,638
1786,1428
1787,1207
1788,1804
1789,1491
1790,1718
1791,1422
1792,2414
1793,735
1794,1183
1795,483
1796,542
1797,2473
1798,35
1799,1188
1800,947
1801,2110
1802,633
1803,1473
1804,2382
1805,1836
1806,1051
1807,1531
1808,1785
1809,68
1810,685
1811,888
1812,1408
1813,2216
1814,2286
1815,1572
1816,806
1817,1396
1818,2008
1819,1414
1820,273
1821,2345
1822,1534
1823,1726
1824,495
1825,1540
1826,1634
1827,988
1828,1421
1829,164
1830,289
1831,437
1832,810
1833,2287
1834,627
1835,1024
1836,771
1837,1232
1838,1816
1839,1444
1840,166
1841,1510
1842,2163
1843,382
1844,1298
1845,287
1846,1435
1847,1068
1848,1763
1849,812
1850,2374
1851,1805
1852,452
1853,2020
1854,339
1855,2461
1856,1368
1857,1620
1858,1525
1859,874
1860,450
1861,2113
1862,696
1863,1155
1864,2066
1865,2345
1866,1945
1867,1977
1868,1034
1869,2066
1870,1453
1871,1636
1872,1487
1873,1457
1874,1563
1875,954
1876,2200
1877,6
1878,2361
1879,2408
1880,1382
1881,60
1882,797
1883,2064
1884,2469
1885,1464
1886,1632
1887,1945
1888,2286
1889,1251
1890,1732
1891,1876
1892,1529
1893,573
1894,352
1895,2062
1896,1142
1897,1245
1898,796
1899,210
1900,2253
1901,1289
1902,629
1903,41
1904,1374
1905,1709
1906,1636
1907,2376
1908,780
1909,2076
1910,2183
1911,1909
1912,1254
1913,1637
1914,844
1915,2428
1916,1590
1917,603
1918,2440
1919,1506
1920,844
1921,43
1922,2197
1923,1968
1924,723
1925,1520
1926,1044
1927,2485
1928,1555
1929,1906
1930,971
1931,2068
1932,1862
1933,166
1934,1726
1935,1636
1936,1382
1937,1390
1938,1288
1939,69
1940,14
1941,1875
1942,2028
1943,2285
1944,2457
1945,1875
1946,327
1947,1800
1948,1688
1949,407
1950,1527
1951,1683
1952,203
1953,1040
1954,1636
1955,1636
1956,1342
1957,1529
1958,2260
1959,1498
1960,251
1961,2009
1962,1914
1963,1912
1964,201
1965,2097
1966,1533
1967,2364
1968,644
1969,2436
1970,1241
1971,55
1972,445
1973,1713
1974,1154
1975,795
1976,832
1977,1025
1978,1006
1979,381
1980,901
1981,1376
1982,1237
1983,38
1984,54
1985,988
1986,1545
1987,1945
1988,1661
1989,562
1990,354
1991,2139
1992,1243
1993,7
1994,1486
1995,870
1996,1258
1997,492
1998,1190
1999,1114
2000,1192
2001,1269
2002,730
2003,1883
2004,146
2005,2030
2006,981
2007,1333
2008,2428
2009,798
2010,641
2011,1153
2012,172
2013,407
2014,1283
2015,585
2016,806
2017,1875
2018,1580
2019,2376
2020,1585
2021,1334
2022,357
2023,311
2024,427
2025,1736
2026,2317
2027,844
2028,1297
2029,2066
2030,1726
2031,1520
2032,1821
2033,268
2034,1637
2035,1701
2036,1207
2037,1249
2038,1646
2039,1650
2040,1968
2041,550
2042,810
2043,1331
2044,143
2045,2477
2046,1250
2047,169
2048,167
2049,1688
2050,1611
2051,1510
2052,1875
2053,1650
2054,1116
2055,1368
2056,2229
2057,900
2058,1182
2059,591
2060,679
2061,2437
2062,737
2063,778
2064,2244
2065,1623
2066,847
2067,894
2068,1415
2069,1259
2070,2391
2071,2105
2072,1636
2073,1185
2074,844
2075,1099
2076,1796
2077,1303
2078,569
2079,359
2080,525
2081,600
2082,1945
2083,620
2084,1765
2085,1947
2086,735
2087,2020
2088,1945
2089,1805
2090,2102
2091,694
2092,1636
2093,528
2094,2018
2095,748
2096,1875
2097,1226
2098,700
2099,312
2100,158
2101,2361
2102,1945
2103,1186
2104,592
2105,1009
2106,1636
2107,1847
2108,2322
2109,2276
2110,2126
2111,1326
2112,1073
2113,226
2114,1052
2115,2240
2116,778
2117,666
2118,1636
2119,1504
2120,213
2121,1236
2122,1136
2123,1613
2124,1668
2125,248
2126,893
2127,2146
2128,341
2129,1115
2130,1868
2131,975
2132,1636
2133,463
2134,573
2135,1682
2136,2397
2137,311
2138,1684
2139,1992
2140,580
2141,881
2142,1679
2143,920
2144,2008
2145,116
2146,1932
2147,1602
2148,561
2149,1833
2150,96
2151,1740
2152,773
2153,625
2154,155
2155,301
2156,1658
2157,167
2158,1633
2159,696
2160,284
2161,16
2162,2426
2163,196
2164,1812
2165,1536
2166,449
2167,2197
2168,391
2169,2370
2170,2453
2171,1913
2172,2487
2173,1635
2174,1876
2175,516
2176,2099
2177,1945
2178,297
2179,629
2180,267
2181,2389
2182,2091
2183,2347
2184,22
2185,317
2186,1415
2187,1294
2188,191
2189,2347
2190,1368
2191,988
2192,1119
2193,2002
2194,595
2195,828
2196,1665
2197,1207
2198,744
2199,1109
2200,20
2201,1041
2202,910
2203,1721
2204,1932
2205,1318
2206,1218
2207,1584
2208,1945
2209,1002
2210,1623
2211,533
2212,2308
2213,469
2214,2361
2215,1876
2216,1726
2217,844
2218,406
2219,1459
2220,1822
2221,1736
2222,2457
2223,1636
2224,1752
2225,1615
2226,2228
2227,1636
2228,1725
2229,624
2230,2318
2231,1732
2232,1131
2233,1650
2234,397
2235,998
2236,1819
2237,795
2238,1368
2239,240
2240,1513
2241,1602
2242,1077
2243,1945
2244,1331
2245,136
2246,103
2247,307
2248,624
2249,169
2250,681
2251,594
2252,2005
2253,813
2254,2104
2255,647
2256,84
2257,792
2258,824
2259,1978
2260,198
2261,2008
2262,2104
2263,532
2264,1678
2265,1049
2266,1641
2267,1545
2268,1732
2269,1466
2270,742
2271,1760
2272,2184
2273,649
2274,2339
2275,438
2276,1945
2277,2453
2278,1912
2279,1927
2280,2236
2281,1034
2282,1945
2283,2125
2284,1945
2285,468
2286,1583
2287,2088
2288,2449
2289,57
2290,902
2291,1591
2292,1407
2293,600
2294,569
2295,1132
2296,975
2297,1425
2298,1297
2299,784
2300,1945
2301,1775
2302,1101
2303,1946
2304,2022
2305,342
2306,1591
2307,1067
2308,37
2309,1132
2310,318
2311,1849
2312,1784
2313,1591
2314,1355
2315,1659
2316,1438
2317,1790
2318,2008
2319,260
2320,1009
2321,2285
2322,988
2323,1588
2324,1855
2325,1883
2326,1711
2327,1801
2328,1345
2329,2426
2330,1782
2331,1180
2332,1026
2333,449
2334,954
2335,209
2336,1217
2337,523
2338,2476
2339,407
2340,675
2341,229
2342,2074
2343,2139
2344,53
2345,1812
2346,1364
2347,2038
2348,1820
2349,1855
2350,463
2351,2179
2352,2204
2353,1841
2354,1619
2355,1266
2356,2080
2357,812
2358,654
2359,1012
2360,852
2361,1535
2362,1415
2363,868
2364,1035
2365,1241
2366,2009
2367,2053
2368,1615
2369,1875
2370,2002
2371,988
2372,1058
2373,2197
2374,1875
2375,564
2376,711
2377,1990
2378,886
2379,2056
2380,1052
2381,2249
2382,2160
2383,2009
2384,1444
2385,1009
2386,1936
2387,916
2388,1827
2389,1326
2390,2434
2391,1865
2392,1640
2393,2361
2394,1984
2395,696
2396,1896
2397,2138
2398,1775
2399,1861
2400,171
2401,1862
2402,1863
2403,1065
2404,268
2405,950
2406,2410
2407,1674
2408,1011
2409,463
2410,1946
2411,288
2412,1415
2413,502
2414,277
2415,1673
2416,1945
2417,172
2418,988
2419,776
2420,175
2421,2325
2422,1666
2423,450
2424,2410
2425,694
2426,641
2427,2110
2428,1799
2429,940
2430,409
2431,528
2432,1642
2433,1363
2434,919
2435,1833
2436,1846
2437,299
2438,1875
2439,2249
2440,2008
2441,2375
2442,109
2443,98
2444,1033
2445,579
2446,1096
2447,675
2448,319
2449,2284
2450,95
2451,1570
2452,2168
2453,1193
2454,556
2455,2032
2456,526
2457,1723
2458,948
2459,1444
2460,1261
2461,2042
2462,210
2463,1242
2464,1905
2465,988
2466,262
2467,917
2468,1009
2469,2217
2470,1174
2471,1822
2472,848
2473,1000
2474,617
2475,1855
2476,988
2477,1101
2478,1935
2479,1257
2480,1922
2481,186
2482,515
2483,1920
2484,1690
2485,806
2486,1305
2487,1264
2488,1929
2489,788
2490,2370
2491,2447
2492,1637
2493,2375
2494,868
2495,1409
2496,1081
2497,1659
2498,1658
2499,1184
2500,1949
2501,1773
2502,1650
2503,2475
2504,1579
2505,1053
2506,584
2507,2075
2508,2233
2509,713
2510,1518
2511,1345
2512,1015
2513,797
2514,2242
2515,321
2516,1310
2517,988
2518,2149
2519,2327
2520,1466
2521,105
2522,2394
2523,755
2524,1226
2525,1636
2526,1860
2527,1220
2528,1841
2529,1862
2530,1187
2531,1975
2532,844
2533,2286
2534,354
2535,448
2536,1470
2537,116
2538,68
2539,2468
2540,1550
2541,2163
2542,260
2543,1187
2544,307
2545,765
2546,985
2547,941
2548,2360
2549,679
2550,1378
2551,1443
2552,450
2553,2222
2554,2184
2555,243
2556,629
2557,2415
2558,1232
2559,629
2560,1994
2561,1575
2562,2065
2563,1802
2564,1516
2565,2072
2566,319
2567,1840
2568,2211
2569,2272
2570,1997
2571,1481
2572,2000
2573,2456
2574,351
2575,328
2576,2146
2577,1542
2578,1133
2579,2007
2580,2381
2581,1313
2582,1012
2583,988
2584,1377
2585,245
2586,1009
2587,2472
2588,1489
2589,2376
2590,2014
2591,1744
2592,2019
2593,298
2594,2136
2595,2455
2596,2022
2597,1591
2598,2254
2599,150
2600,409
2601,986
2602,1113
2603,778
2604,148
2605,2104
2606,1131
2607,1250
2608,2385
2609,1895
2610,403
2611,338
2612,1809
2613,1558
2614,1373
2615,1704
2616,1950
2617,573
2618,450
2619,2040
2620,2401
2621,2008
2622,2043
2623,988
2624,679
2625,875
2626,1916
2627,1222
2628,1326
2629,99
2630,529
2631,636
2632,2111
2633,1912
2634,536
2635,445
2636,786
2637,1177
2638,1573
2639,1672
2640,667
2641,450
2642,1198
2643,915
2644,66
2645,1029
2646,2022
2647,385
2648,2073
2649,762
2650,1272
2651,844
2652,1850
2653,1338
2654,988
2655,2369
2656,1253
2657,647
2658,1340
2659,1203
2660,2077
2661,948
2662,72
2663,1000
2664,880
2665,2152
2666,696
2667,2361
2668,449
2669,1968
2670,2060
2671,1258
2672,1368
2673,2483
2674,988
2675,1424
2676,2361
2677,399
2678,1979
2679,2000
2680,50
2681,871
2682,2134
2683,483
2684,2095
2685,1292
2686,948
2687,2219
2688,2376
2689,43
2690,1072
2691,943
2692,1707
2693,337
2694,2478
2695,448
2696,2284
2697,1068
2698,1146
2699,140
2700,354
2701,1849
2702,1345
2703,941
2704,237
2705,988
2706,1145
2707,1251
2708,506
2709,2168
2710,1352
2711,392
2712,460
2713,2114
2714,1476
2715,2042
2716,2116
2717,1875
2718,57
2719,1286
2720,1226
2721,1876
2722,1782
2723,636
2724,1142
2725,1510
2726,1637
2727,1151
2728,276
2729,438
2730,2485
2731,868
2732,988
2733,1704
2734,1781
2735,1516
2736,169
2737,427
2738,721
2739,803
2740,260
2741,2347
2742,322
2743,679
2744,1581
2745,2381
2746,1869
2747,788
2748,247
2749,1636
2750,2408
2751,1543
2752,1822
2753,639
2754,2149
2755,1968
2756,333
2757,1960
2758,660
2759,1893
2760,1077
2761,2157
2762,1985
2763,844
2764,232
2765,1721
2766,1945
2767,381
2768,2168
2769,369
2770,1221
2771,2348
2772,1636
2773,835
2774,1965
2775,299
2776,1030
2777,1860
2778,629
2779,934
2780,37
2781,629
2782,72
2783,204
2784,2290
2785,193
2786,2448
2787,2240
2788,725
2789,988
2790,411
2791,1368
2792,2271
2793,1865
2794,2075
2795,2008
2796,1238
2797,134
2798,2183
2799,2440
2800,2237
2801,558
2802,1226
2803,1778
2804,1400
2805,102
2806,380
2807,287
2808,1883
2809,872
2810,562
2811,1612
2812,1970
2813,144
2814,817
2815,1174
2816,2469
2817,1945
2818,605
2819,1558
2820,2148
2821,2209
2822,2128
2823,456
2824,146
2825,1266
2826,2217
2827,1530
2828,2337
2829,2474
2830,692
2831,1338
2832,1875
2833,1260
2834,2189
2835,1552
2836,1048
2837,1694
2838,498
2839,2444
2840,2479
2841,136
2842,402
2843,1817
2844,483
2845,344
2846,833
2847,368
2848,1318
2849,1850
2850,2099
2851,1945
2852,271
2853,385
2854,2461
2855,988
2856,2242
2857,393
2858,345
2859,1003
2860,2440
2861,1253
2862,1444
2863,1451
2864,1270
2865,1841
2866,1739
2867,2288
2868,265
2869,1431
2870,1440
2871,1989
2872,409
2873,1938
2874,197
2875,156
2876,1178
2877,195
2878,1636
2879,2260
2880,1824
2881,1591
2882,1449
2883,115
2884,352
2885,2266
2886,1696
2887,211
2888,1617
2889,2300
2890,597
2891,1745
2892,1728
2893,1069
2894,629
2895,2275
2896,1102
2897,400
2898,2411
2899,2230
2900,873
2901,536
2902,2272
2903,2122
2904,2230
2905,2255
2906,2423
2907,948
2908,1330
2909,333
2910,1466
2911,106
2912,1375
2913,562
2914,2022
2915,988
2916,916
2917,1260
2918,329
2919,2295
2920,457
2921,427
2922,1835
2923,1498
2924,284
2925,1542
2926,1579
2927,1968
2928,2123
2929,1035
2930,1009
2931,1945
2932,956
2933,53
2934,1108
2935,1009
2936,1613
2937,1944
2938,988
2939,544
2940,2210
2941,427
2942,508
2943,2362
2944,1011
2945,722
2946,1345
2947,1354
2948,1133
2949,2332
2950,409
2951,1307
2952,813
2953,443
2954,872
2955,1096
2956,257
2957,1535
2958,1876
2959,1991
2960,948
2961,2444
2962,1660
2963,632
2964,2365
2965,629
2966,2199
2967,562
2968,1726
2969,1077
2970,831
2971,1531
2972,629
2973,1444
2974,104
2975,1953
2976,213
2977,1271
2978,1187
2979,1651
2980,1999
2981,767
2982,273
2983,2292
2984,2473
2985,1106
2986,1533
2987,1120
2988,1957
2989,1560
2990,1971
2991,1945
2992,817
2993,1493
2994,2358
2995,1314
2996,1833
2997,2473
2998,39
2999,1183
3000,1248
3001,2268
3002,641
3003,705
3004,2270
3005,977
3006,1755
3007,865
3008,1
3009,1871
3010,2308
3011,1945
3012,562
3013,608
3014,596
3015,368
3016,854
3017,955
3018,1010
3019,657
3020,2179
3021,796
3022,248
3023,2245
3024,1607
3025,287
3026,653
3027,1535
3028,1432
3029,2053
3030,1368
3031,2262
3032,2416
3033,1119
3034,2390
3035,2391
3036,1857
3037,1875
3038,1875
3039,259
3040,448
3041,2085
3042,1013
3043,2264
3044,2273
3045,1077
3046,2400
3047,355
3048,853
3049,1736
3050,683
3051,633
3052,1945
3053,1728
3054,1287
3055,2056
3056,2194
3057,123
3058,1428
3059,101
3060,1276
3061,460
3062,2175
3063,1829
3064,1132
3065,988
3066,2032
3067,747
3068,2351
3069,350
3070,1995
3071,1280
3072,797
3073,1426
3074,2424
3075,1903
3076,2406
3077,2104
3078,1650
3079,2033
3080,1366
3081,1261
3082,1588
3083,1245
3084,85
3085,1967
3086,55
3087,1875
3088,2096
3089,1651
3090,2434
3091,1345
3092,958
3093,82
3094,1746
3095,517
3096,2149
3097,999
3098,1469
3099,1813
3100,1936
3101,2135
3102,1120
3103,252
3104,34
3105,750
3106,1636
3107,1191
3108,2215
3109,824
3110,988
3111,167
3112,447
3113,2455
3114,1688
3115,1726
3116,2452
3117,2249
3118,943
3119,2453
3120,1446
3121,1176
3122,562
3123,448
3124,2460
3125,1984
3126,1897
3127,1495
3128,2050
3129,1206
3130,1875
3131,2465
3132,571
3133,1132
3134,1472
3135,607
3136,1397
3137,58
3138,2127
3139,2437
3140,263
3141,1509
3142,413
3143,793
3144,1636
3145,1945
3146,1052
3147,159
3148,1165
3149,139
3150,17
3151,2369
3152,2123
3153,710
3154,1009
3155,1852
3156,167
3157,1206
3158,1368
3159,1623
3160,1936
3161,246
3162,427
3163,1448
3164,1961
3165,943
3166,2103
3167,1009
3168,252
3169,2251
3170,448
3171,2002
3172,532
3173,476
3174,1706
3175,853
3176,1636
3177,1712
3178,2461
3179,1607
3180,1795
3181,1334
3182,2013
3183,427
3184,1745
3185,1068
3186,1510
3187,2050
3188,1223
3189,307
3190,699
3191,850
3192,2296
3193,1783
3194,1154
3195,2301
3196,1510
3197,1073
3198,754
3199,587
3200,2406
3201,2089
3202,1261
3203,2170
3204,641
3205,2321
3206,2249
3207,2201
3208,416
3209,33
3210,2155
3211,1965
3212,1591
3213,1452
3214,657
3215,1732
3216,574
3217,788
3218,2426
3219,814
3220,1178
3221,69
3222,1602
3223,1444
3224,2255
3225,43
3226,735
3227,1656
3228,844
3229,1544
3230,2469
3231,1970
3232,2048
3233,1270
3234,102
3235,1610
3236,68
3237,1726
3238,2437
3239,1665
3240,68
3241,60
3242,1462
3243,57
3244,2307
3245,488
3246,2066
3247,2358
3248,837
3249,536
3250,1636
3251,1194
3252,2467
3253,266
3254,546
3255,408
3256,1289
3257,62
3258,2053
3259,1876
3260,629
3261,1584
3262,677
3263,426
3264,1380
3265,1225
3266,1123
3267,948
3268,1512
3269,1970
3270,78
3271,2272
3272,519
3273,1256
3274,1945
3275,1856
3276,1873
3277,461
3278,660
3279,1080
3280,86
3281,78
3282,985
3283,1542
3284,89
3285,83
3286,2008
3287,1865
3288,1612
3289,1093
3290,1016
3291,2485
3292,1363
3293,1303
3294,49
3295,1353
3296,483
3297,2435
3298,1984
3299,1496
3300,1322
3301,1875
3302,591
3303,180
3304,2314
3305,2034
3306,248
3307,319
3308,1205
3309,488
3310,629
3311,124
3312,1148
3313,1087
3314,1022
3315,1121
3316,843
3317,2031
3318,1445
3319,1801
3320,2249
3321,284
3322,679
3323,448
3324,1413
3325,2037
3326,1528
3327,1067
3328,371
3329,142
3330,144
3331,114
3332,147
3333,684
3334,1009
3335,2019
3336,1017
3337,1473
3338,1236
3339,356
3340,17
3341,595
3342,165
3343,1168
3344,1840
3345,1688
3346,1647
3347,996
3348,1833
3349,696
3350,647
3351,1045
3352,1531
3353,999
3354,1141
3355,2469
3356,629
3357,1073
3358,988
3359,976
3360,2187
3361,2288
3362,619
3363,652
3364,820
3365,1151
3366,937
3367,908
3368,629
3369,2022
3370,1397
3371,1460
3372,2457
3373,73
3374,957
3375,63
3376,2245
3377,1636
3378,1833
3379,442
3380,988
3381,187
3382,2100
3383,2453
3384,2155
3385,32
3386,1319
3387,2020
3388,1980
3389,2249
3390,231
3391,177
3392,1940
3393,2159
3394,82
3395,1124
3396,1001
3397,1151
3398,1391
3399,1503
3400,2024
3401,1344
3402,1732
3403,47
3404,1540
3405,1888
3406,1896
3407,251
3408,1235
3409,1514
3410,2160
3411,713
3412,2062
3413,562
3414,194
3415,1694
3416,2370
3417,1560
3418,163
3419,1236
3420,681
3421,986
3422,696
3423,719
3424,2114
3425,1704
3426,1133
3427,562
3428,1762
3429,2148
3430,638
3431,320
3432,1935
3433,736
3434,1409
3435,229
3436,502
3437,1397
3438,1875
3439,2083
3440,232
3441,233
3442,1815
3443,1970
3444,141
3445,629
3446,1139
3447,2379
3448,501
3449,876
3450,101
3451,1510
3452,1443
3453,271
3454,812
3455,2305
3456,1636
3457,2053
3458,2435
3459,1930
3460,2202
3461,1720
3462,986
3463,753
3464,1805
3465,811
3466,1945
3467,1026
3468,844
3469,2485
3470,85
3471,1723
3472,1388
3473,1266
3474,258
3475,307
3476,2310
3477,1450
3478,2465
3479,1875
3480,817
3481,655
3482,1782
3483,1463
3484,2346
3485,239
3486,1600
3487,1042
3488,64
3489,2008
3490,785
3491,2025
3492,941
3493,179
3494,537
3495,461
3496,1319
3497,274
3498,2106
3499,236
3500,1358
3501,281
3502,2060
3503,1726
3504,829
3505,2420
3506,2256
3507,431
3508,789
3509,1600
3510,1348
3511,1134
3512,480
3513,1637
3514,376
3515,1535
3516,769
3517,1566
3518,2308
3519,2343
3520,1650
3521,844
3522,767
3523,1793
3524,772
3525,1595
3526,1167
3527,1988
3528,1725
3529,641
3530,1509
3531,300
3532,302
3533,326
3534,696
3535,259
3536,1384
3537,310
3538,2376
3539,1591
3540,2008
3541,2069
3542,2104
3543,1938
3544,764
3545,1707
3546,937
3547,153
3548,1242
3549,2354
3550,470
3551,1867
3552,2362
3553,1161
3554,2362
3555,268
3556,763
3557,327
3558,328
3559,258
3560,2104
3561,135
3562,1672
3563,1721
3564,986
3565,1706
3566,1606
3567,1558
3568,407
3569,1584
3570,1636
3571,1401
3572,636
3573,671
3574,817
3575,2376
3576,1818
3577,319
3578,2308
3579,619
3580,562
3581,537
3582,1945
3583,2234
3584,2357
3585,2104
3586,2263
3587,810
3588,218
3589,1309
3590,2471
3591,1970
3592,1266
3593,89
3594,1936
3595,1546
3596,852
3597,835
3598,2457
3599,2435
3600,212
3601,566
3602,448
3603,1726
3604,1488
3605,1307
3606,2433
3607,972
3608,1295
3609,1532
3610,988
3611,1033
3612,2469
3613,835
3614,535
3615,986
3616,365
3617,2008
3618,2345
3619,1407
3620,373
3621,96
3622,1912
3623,378
3624,1726
3625,1624
3626,2453
3627,1894
3628,1814
3629,2285
3630,72
3631,1415
3632,1345
3633,387
3634,622
3635,631
3636,1295
3637,1398
3638,388
3639,786
3640,390
3641,1120
3642,391
3643,809
3644,1925
3645,2008
3646,1510
3647,2437
3648,1014
3649,2049
3650,1038
3651,996
3652,402
3653,2473
3654,1726
3655,1140
3656,1644
3657,2407
3658,1421
3659,151
3660,354
3661,2485
3662,225
3663,2418
3664,1841
3665,2008
3666,416
3667,817
3668,1719
3669,1045
3670,79
3671,814
3672,844
3673,2222
3674,1929
3675,354
3676,421
3677,1732
3678,1952
3679,885
3680,836
3681,307
3682,709
3683,450
3684,167
3685,1013
3686,1912
3687,2426
3688,415
3689,2453
3690,161
3691,605
3692,1900
3693,960
3694,602
3695,880
3696,1076
3697,696
3698,2246
3699,311
3700,1009
3701,2108
3702,248
3703,1974
3704,506
3705,1462
3706,2451
3707,932
3708,1100
3709,258
3710,63
3711,1266
3712,2009
3713,1723
3714,2008
3715,629
3716,1699
3717,2453
3718,961
3719,781
3720,931
3721,624
3722,1242
3723,1636
3724,1328
3725,1335
3726,791
3727,679
3728,1637
3729,908
3730,2402
3731,392
3732,2090
3733,1766
3734,2345
3735,366
3736,253
3737,1910
3738,1178
3739,571
3740,713
3741,745
3742,1360
3743,1480
3744,299
3745,1722
3746,461
3747,675
3748,163
3749,739
3750,2320
3751,273
3752,633
3753,1928
3754,1130
3755,2466
3756,1206
3757,2234
3758,1351
3759,2437
3760,331
3761,1992
3762,1297
3763,212
3764,423
3765,2196
3766,1586
3767,352
3768,711
3769,1622
3770,860
3771,319
3772,490
3773,1307
3774,702
3775,1001
3776,797
3777,1576
3778,1210
3779,2279
3780,1345
3781,2098
3782,535
3783,2345
3784,2336
3785,1945
3786,2316
3787,37
3788,2066
3789,959
3790,1502
3791,786
3792,129
3793,1728
3794,2363
3795,956
3796,1803
3797,1540
3798,1521
3799,2032
3800,990
3801,1887
3802,199
3803,1831
3804,1326
3805,1277
3806,1267
3807,517
3808,1023
3809,1282
3810,2022
3811,1204
3812,629
3813,998
3814,2213
3815,1779
3816,168
3817,1935
3818,202
3819,2453
3820,1690
3821,996
3822,2435
3823,1510
3824,1637
3825,127
3826,2435
3827,986
3828,2273
3829,1144
3830,1834
3831,385
3832,227
3833,2104
3834,624
3835,692
3836,1410
3837,1889
3838,911
3839,1576
3840,1852
3841,538
3842,132
3843,806
3844,1875
3845,545
3846,1168
3847,354
3848,2093
3849,1897
3850,548
3851,1069
3852,1092
3853,2311
3854,2303
3855,368
3856,2015
3857,982
3858,1945
3859,2412
3860,1486
3861,1315
3862,539
3863,558
3864,261
3865,943
3866,2133
3867,2410
3868,562
3869,2325
3870,1427
3871,563
3872,1478
3873,1016
3874,635
3875,1931
3876,567
3877,1715
3878,2361
3879,2149
3880,631
3881,2235
3882,17
3883,686
3884,1636
3885,1591
3886,1208
3887,1059
3888,1900
3889,1963
3890,388
3891,581
3892,534
3893,1049
3894,2057
3895,1107
3896,352
3897,115
3898,1155
3899,2211
3900,433
3901,1407
3902,727
3903,60
3904,1810
3905,1825
3906,1826
3907,543
3908,327
3909,42
3910,1902
3911,1708
3912,2062
3913,449
3914,988
3915,1822
3916,552
3917,648
3918,956
3919,595
3920,2337
3921,1938
3922,2021
3923,2485
3924,1841
3925,2054
3926,1536
3927,1258
3928,1872
3929,2102
3930,2302
3931,2455
3932,538
3933,1136
3934,1721
3935,123
3936,1660
3937,706
3938,2458
3939,450
3940,1362
3941,1122
3942,236
3943,2389
3944,1545
3945,57
3946,2115
3947,504
3948,1659
3949,1556
3950,1201
3951,1314
3952,145
3953,458
3954,1094
3955,1665
3956,627
3957,2399
3958,936
3959,657
3960,1771
3961,415
3962,1636
3963,228
3964,1664
3965,1676
3966,1089
3967,741
3968,2104
3969,110
3970,636
3971,2249
3972,57
3973,448
3974,1228
3975,2008
3976,1558
3977,996
3978,1636
3979,1875
3980,1447
3981,1332
3982,1454
3983,1681
3984,1868
3985,2174
3986,1945
3987,1006
3988,2230
3989,1077
3990,1559
3991,2230
3992,662
3993,2289
3994,413
3995,375
3996,64
3997,2345
3998,1560
3999,2306
4000,796
4001,560
4002,988
4003,1241
4004,2227
4005,2375
4006,1363
4007,1963
4008,1945
4009,2078
4010,1787
4011,255
4012,4
4013,1945
4014,1128
4015,1975
4016,5
4017,676
4018,1084
4019,118
4020,260
4021,1086
4022,1898
4023,1896
4024,1636
4025,2474
4026,2275
4027,324
4028,156
4029,2217
4030,2263
4031,1623
4032,680
4033,1591
4034,1684
4035,2315
4036,2395
4037,380
4038,2082
4039,884
4040,1928
4041,1581
4042,2485
4043,962
4044,688
4045,1754
4046,1875
4047,1764
4048,1164
4049,427
4050,1558
4051,963
4052,1324
4053,817
4054,823
4055,2145
4056,1351
4057,190
4058,1694
4059,562
4060,1441
4061,2388
4062,1876
4063,449
4064,1502
4065,1282
4066,562
4067,715
4068,317
4069,427
4070,483
4071,1061
4072,1842
4073,881
4074,641
4075,1495
4076,380
4077,2364
4078,1946
4079,427
4080,726
4081,2132
4082,728
4083,1558
4084,795
4085,953
4086,2463
4087,703
4088,2056
4089,2087
4090,1181
4091,1636
4092,254
4093,1274
4094,2070
4095,2417
4096,2334
4097,636
4098,1657
4099,349
4100,1568
4101,1380
4102,260
4103,555
4104,380
4105,804
4106,501
4107,679
4108,1566
4109,2008
4110,480
4111,1943
4112,961
4113,1475
4114,605
4115,1399
4116,1701
4117,1374
4118,1833
4119,268
4120,1510
4121,1959
4122,2110
4123,598
4124,766
4125,2274
4126,1726
4127,2197
4128,2104
4129,197
4130,1655
4131,2008
4132,1308
4133,1721
4134,2234
4135,1776
4136,629
4137,1636
4138,2445
4139,1977
4140,1485
4141,2024
4142,1203
4143,783
4144,1788
4145,1325
4146,1406
4147,899
4148,1874
4149,951
4150,1009
4151,1614
4152,224
4153,2102
4154,354
4155,2416
4156,723
4157,2110
4158,448
4159,1728
4160,1753
4161,892
4162,629
4163,796
4164,540
4165,570
4166,2225
4167,1168
4168,96
4169,284
4170,943
4171,2392
4172,2426
4173,1727
4174,808
4175,1230
4176,47
4177,2075
4178,1289
4179,1725
4180,615
4181,36
4182,1553
4183,1368
4184,2408
4185,989
4186,140
4187,778
4188,844
4189,2002
4190,2249
4191,2485
4192,2104
4193,793
4194,929
4195,2409
4196,2410
4197,1486
4198,1801
4199,988
4200,1945
4201,392
4202,1378
4203,1102
4204,180
4205,1135
4206,1636
4207,2039
4208,1229
4209,645
4210,2294
4211,522
4212,1637
4213,822
4214,988
4215,1685
4216,872
4217,838
4218,1437
4219,779
4220,744
4221,2345
4222,797
4223,1636
4224,1525
4225,847
4226,849
4227,2053
4228,22
4229,970
4230,2181
4231,2197
4232,1569
4233,2010
4234,855
4235,633
4236,964
4237,2173
4238,562
4239,1196
4240,389
4241,928
4242,2018
4243,1338
4244,68
4245,533
4246,1701
4247,984
4248,867
4249,1935
4250,795
4251,1420
4252,1125
4253,823
4254,1502
4255,2298
4256,2370
4257,1312
4258,428
4259,45
4260,794
4261,2025
4262,875
4263,2284
4264,955
4265,1790
4266,1062
4267,262
4268,2481
4269,1875
4270,427
4271,1792
4272,211
4273,198
4274,427
4275,182
4276,1726
4277,2221
4278,1510
4279,864
4280,1732
4281,881
4282,372
4283,1011
4284,729
4285,305
4286,819
4287,734
4288,251
4289,284
4290,1947
4291,1534
4292,860
4293,59
4294,1873
4295,1037
4296,896
4297,2404
4298,2022
4299,1970
4300,230
4301,1717
4302,147
4303,888
4304,540
4305,320
4306,2341
4307,2234
4308,1047
4309,1132
4310,520
4311,1455
4312,71
4313,1244
4314,2284
4315,557
4316,1875
4317,43
4318,562
4319,2050
4320,932
4321,813
4322,502
4323,2227
4324,1009
4325,1341
4326,361
4327,2415
4328,2004
4329,929
4330,696
4331,593
4332,1311
4333,1230
4334,2186
4335,885
4336,2008
4337,2283
4338,2168
4339,234
4340,1015
4341,2079
4342,1013
4343,1019
4344,279
4345,1558
4346,449
4347,325
4348,988
4349,1680
4350,1705
4351,715
4352,80
4353,1554
4354,1875
4355,141
4356,1167
4357,844
4358,983
4359,1315
4360,2058
4361,2333
4362,1929
4363,1945
4364,2041
4365,2455
4366,37
4367,268
4368,1233
4369,988
4370,1437
4371,1970
4372,138
4373,1444
4374,437
4375,963
4376,2060
4377,1299
4378,433
4379,1388
4380,967
4381,968
4382,1839
4383,751
4384,2347
4385,1039
4386,397
4387,367
4388,247
4389,1834
4390,1253
4391,873
4392,1876
4393,1529
4394,272
4395,1796
4396,1230
4397,1562
4398,770
4399,1316
4400,1983
4401,1058
4402,813
4403,1500
4404,1875
4405,987
4406,2443
4407,2313
4408,76
4409,1417
4410,1953
4411,1636
4412,1466
4413,1275
4414,2453
4415,146
4416,1186
4417,2453
4418,1007
4419,276
4420,331
4421,900
4422,967
4423,573
4424,1348
4425,452
4426,2231
4427,618
4428,2399
4429,1726
4430,1904
4431,1993
4432,247
4433,371
4434,1945
4435,753
4436,888
4437,1946
4438,862
4439,1968
4440,1296
4441,482
4442,64
4443,2055
4444,1466
4445,1933
4446,1553
4447,64
4448,80
4449,122
4450,1093
4451,1196
4452,1510
4453,1036
4454,1844
4455,1050
4456,1921
4457,637
4458,1411
4459,1572
4460,1849
4461,2082
4462,575
4463,1639
4464,1262
4465,1052
4466,1331
4467,1471
4468,947
4469,70
4470,615
4471,2352
4472,1189
4473,1769
4474,593
4475,2073
4476,1974
4477,2255
4478,656
4479,1050
4480,1432
4481,2482
4482,2208
4483,966
4484,2203
4485,63
4486,1268
4487,2008
4488,734
4489,2453
4490,629
4491,2458
4492,2181
4493,2104
4494,1043
4495,614
4496,2066
4497,1249
4498,68
4499,2376
4500,1188
4501,1809
4502,1071
4503,1133
4504,2355
4505,1992
4506,810
4507,1053
4508,1946
4509,1910
4510,1953
4511,456
4512,999
4513,120
4514,2322
4515,541
4516,2104
4517,901
4518,1060
4519,407
4520,1185
4521,1974
4522,1085
4523,1442
4524,43
4525,426
4526,748
4527,1627
4528,641
4529,1249
4530,2169
4531,1600
4532,1262
4533,988
4534,1145
4535,1320
4536,1945
4537,2285
4538,2289
4539,1254
4540,1291
4541,454
4542,1759
4543,1757
4544,1636
4545,1988
4546,1706
4547,716
4548,205
4549,1125
4550,1098
4551,454
4552,1141
4553,988
4554,2084
4555,1974
4556,1032
4557,2137
4558,63
4559,1873
4560,696
4561,1456
4562,753
4563,1307
4564,1171
4565,339
4566,405
4567,531
4568,35
4569,1637
4570,1875
4571,2394
4572,1860
4573,1179
4574,1636
4575,1005
4576,986
4577,1035
4578,167
4579,1120
4580,1112
4581,126
4582,2286
4583,258
4584,1929
4585,844
4586,2479
4587,496
4588,1068
4589,1203
4590,2145
4591,892
4592,2303
4593,752
4594,2033
4595,108
4596,427
4597,1607
4598,945
4599,1014
4600,2255
4601,2257
4602,813
4603,636
4604,616
4605,988
4606,217
4607,354
4608,411
4609,605
4610,629
4611,616
4612,1182
4613,694
4614,562
4615,1575
4616,1688
4617,1446
4618,801
4619,1077
4620,1875
4621,2137
4622,1160
4623,2259
4624,1258
4625,1510
4626,1896
4627,562
4628,1069
4629,1968
4630,1728
4631,2285
4632,157
4633,1134
4634,1957
4635,1015
4636,887
4637,211
4638,988
4639,2426
4640,1778
4641,1688
4642,1734
4643,1668
4644,457
4645,1075
4646,883
4647,1009
4648,453
4649,1167
4650,2162
4651,2047
4652,1945
4653,2075
4654,1630
4655,248
4656,1449
4657,1892
4658,352
4659,307
4660,2151
4661,1124
4662,1750
4663,629
4664,1945
4665,651
4666,626
4667,2437
4668,1012
4669,315
4670,1509
4671,67
4672,57
4673,1211
4674,2255
4675,229
4676,843
4677,935
4678,783
4679,605
4680,1132
4681,1011
4682,687
4683,296
4684,102
4685,2249
4686,546
4687,2434
4688,26
4689,506
4690,996
4691,2194
4692,82
4693,216
4694,1096
4695,1929
4696,2027
4697,880
4698,889
4699,2342
4700,1169
4701,269
4702,519
4703,1876
4704,696
4705,1855
4706,2108
4707,2269
4708,696
4709,323
4710,753
4711,1615
4712,1175
4713,2038
4714,2249
4715,720
4716,810
4717,1876
4718,1917
4719,176
4720,320
4721,904
4722,481
4723,1489
4724,1255
4725,1090
4726,890
4727,45
4728,407
4729,1876
4730,1074
4731,668
4732,780
4733,1056
4734,986
4735,2282
4736,247
4737,416
4738,975
4739,1237
4740,1627
4741,1576
4742,1114
4743,1280
4744,2485
4745,873
4746,2473
4747,2455
4748,2039
4749,933
4750,1145
4751,358
4752,1782
4753,629
4754,1936
4755,1889
4756,565
4757,449
4758,868
4759,1288
4760,503
4761,1859
4762,1665
4763,1412
4764,650
4765,605
4766,2145
4767,36
4768,1290
4769,1574
4770,2238
4771,1636
4772,873
4773,749
4774,2053
4775,605
4776,1187
4777,862
4778,2273
4779,1895
4780,1008
4781,169
4782,1822
4783,1668
4784,46
4785,861
4786,814
4787,2260
4788,1262
4789,1636
4790,119
4791,844
4792,2457
4793,171
4794,1656
4795,2169
4796,1340
4797,1302
4798,786
4799,2337
4800,446
4801,51
4802,1078
4803,467
4804,1026
4805,845
4806,1674
4807,1933
4808,820
4809,1307
4810,562
4811,958
4812,642
4813,731
4814,1111
4815,1198
4816,2011
4817,1129
4818,2278
4819,1788
4820,1167
4821,818
4822,232
4823,1829
4824,948
4825,1636
4826,423
4827,1502
4828,2303
4829,354
4830,80
4831,27
4832,513
4833,2345
4834,2255
4835,1601
4836,2010
4837,568
4838,1077
4839,331
4840,1549
4841,986
4842,1063
4843,958
4844,1876
4845,2457
4846,368
4847,1109
4848,1334
4849,1034
4850,2422
4851,1945
4852,108
4853,1336
4854,199
4855,2370
4856,551
4857,985
4858,1946
4859,1654
4860,2331
4861,1092
4862,157
4863,624
4864,1553
4865,2394
4866,1805
4867,1346
4868,402
4869,2145
4870,2426
4871,1114
4872,1605
4873,88
4874,1636
4875,624
4876,2347
4877,988
4878,1636
4879,1204
4880,301
4881,1277
4882,1217
4883,2380
4884,1691
4885,130
4886,531
4887,512
4888,282
4889,445
4890,868
4891,1141
4892,945
4893,1025
4894,1916
4895,383
4896,2485
4897,833
4898,941
4899,124
4900,519
4901,68
4902,1875
4903,770
4904,1958
4905,980
4906,987
4907,1172
4908,410
4909,1368
4910,1992
4911,589
4912,317
4913,1342
4914,346
4915,1692
4916,390
4917,2293
4918,986
4919,760
4920,1307
4921,1249
4922,1384
4923,813
4924,117
4925,1173
4926,1749
4927,891
4928,449
4929,2112
4930,1163
4931,1077
4932,1391
4933,1740
4934,427
4935,1924
4936,1026
4937,2265
4938,408
4939,835
4940,1578
4941,35
4942,1222
4943,2022
4944,805
4945,910
4946,2345
4947,2255
4948,331
4949,852
4950,1892
4951,2142
4952,1020
4953,1133
4954,1415
4955,778
4956,1404
4957,2291
4958,1875
4959,572
4960,2183
4961,2008
4962,735
4963,308
4964,1882
4965,1404
4966,2453
4967,24
4968,681
4969,1830
4970,1375
4971,1822
4972,63
4973,1424
4974,464
4975,2034
4976,2037
4977,1167
4978,1083
4979,844
4980,1636
4981,1436
4982,1271
4983,1881
4984,2249
4985,938
4986,256
4987,1258
4988,1253
4989,80
4990,1441
4991,1430
4992,268
4993,1740
4994,1621
4995,1560
4996,1595
4997,1107
4998,1805
4999,557
5000,2188
5001,36
5002,1032
5003,395
5004,1945
5005,1456
5006,94
5007,1876
5008,1190
5009,1735
5010,1906
5011,1865
5012,573
5013,992
5014,1896
5015,1509
5016,510
5017,1748
5018,2410
5019,2457
5020,1011
5021,1369
5022,1462
5023,892
5024,427
5025,2312
5026,2274
5027,1834
5028,56
5029,796
5030,269
5031,31
5032,1776
5033,801
5034,2387
5035,500
5036,407
5037,424
5038,1137
5039,945
5040,1615
5041,1714
5042,1009
5043,1482
5044,1410
5045,519
5046,2249
5047,1491
5048,232
5049,1194
5050,1492
5051,2198
5052,1596
5053,1945
5054,67
5055,1217
5056,946
5057,1133
5058,1132
5059,1502
5060,1152
5061,140
5062,450
5063,1395
5064,2457
5065,1748
5066,610
5067,785
5068,1945
5069,2104
5070,531
5071,1862
5072,1368
5073,1511
5074,2052
5075,2457
5076,771
5077,1190
5078,2361
5079,2008
5080,1896
5081,1307
5082,2360
5083,892
5084,1430
5085,892
5086,1047
5087,1525
5088,68
5089,1791
5090,795
5091,636
5092,1100
5093,605
5094,1096
5095,2252
5096,927
5097,625
5098,2352
5099,102
5100,816
5101,2008
5102,1441
5103,1674
5104,475
5105,1009
5106,1044
5107,322
5108,1936
5109,1901
5110,2439
5111,1690
5112,535
5113,2228
5114,2473
5115,1300
5116,1547
5117,256
5118,1965
5119,1932
5120,1073
5121,46
5122,1559
5123,1551
5124,1552
5125,817
5126,2218
5127,740
5128,2179
5129,1093
5130,2316
5131,1558
5132,784
5133,407
5134,1468
5135,1368
5136,544
5137,2001
5138,441
5139,2104
5140,1508
5141,844
5142,2457
5143,1756
5144,2485
5145,647
5146,1708
5147,1788
5148,2008
5149,7
5150,2297
5151,2389
5152,407
5153,2272
5154,1434
5155,713
5156,2214
5157,1354
5158,1585
5159,121
5160,1702
5161,1942
5162,866
5163,2463
5164,2130
5165,1096
5166,1797
5167,540
5168,2474
5169,795
5170,1301
5171,1701
5172,1110
5173,1317
5174,1636
5175,1926
5176,1623
5177,988
5178,264
5179,2381
5180,1604
5181,1608
5182,1781
5183,2017
5184,1636
5185,260
5186,1057
5187,1945
5188,2452
5189,1971
5190,1945
5191,427
5192,1626
5193,2420
5194,1826
5195,2352
5196,879
5197,1381
5198,1628
5199,844
5200,1105
5201,2289
5202,1822
5203,988
5204,619
5205,1631
5206,2163
5207,1396
5208,2378
5209,1188
5210,354
5211,1496
5212,2330
5213,48
5214,128
5215,735
5216,1733
5217,1690
5218,795
5219,1875
5220,2180
5221,788
5222,1368
5223,2340
5224,1648
5225,52
5226,1141
5227,352
5228,1636
5229,1337
5230,1368
5231,2022
5232,755
5233,2185
5234,840
5235,2452
5236,1559
5237,1636
5238,1015
5239,1876
5240,647
5241,1368
5242,1690
5243,638
5244,1253
5245,1876
5246,167
5247,1636
5248,2427
5249,786
5250,1671
5251,2058
5252,330
5253,348
5254,1636
5255,1726
5256,2362
5257,1132
5258,1466
5259,320
5260,1945
5261,1265
5262,1203
5263,1535
5264,403
5265,521
5266,1945
5267,1537
5268,1876
5269,1392
5270,455
5271,1701
5272,881
5273,1752
5274,463
5275,2475
5276,1463
5277,2130
5278,1580
5279,1370
5280,1637
5281,1102
5282,293
5283,2008
5284,385
5285,1945
5286,1897
5287,1981
5288,2101
5289,1589
5290,1394
5291,2455
5292,1369
5293,1632
5294,1419
5295,2325
5296,1381
5297,137
5298,1378
5299,2457
5300,1945
5301,2326
5302,1307
5303,1724
5304,802
5305,1572
5306,2035
5307,986
5308,896
5309,1945
5310,46
5311,1875
5312,2341
5313,611
5314,571
5315,2086
5316,426
5317,183
5318,221
5319,334
5320,1181
5321,2469
5322,2347
5323,2183
5324,178
5325,2484
5326,2416
5327,778
5328,1966
5329,567
5330,2124
5331,1903
5332,1951
5333,788
5334,454
5335,2223
5336,1540
5337,1985
5338,1852
5339,1064
5340,752
5341,448
5342,1636
5343,1009
5344,2457
5345,1751
5346,2156
5347,1231
5348,309
5349,2326
5350,1637
5351,1758
5352,796
5353,701
5354,2402
5355,1767
5356,439
5357,2485
5358,328
5359,1971
5360,1602
5361,931
5362,1147
5363,1865
5364,1764
5365,1368
5366,1557
5367,1009
5368,1768
5369,664
5370,2373
5371,844
5372,996
5373,1925
5374,2234
5375,249
5376,1077
5377,1866
5378,752
5379,10
5380,655
5381,437
5382,2301
5383,954
5384,264
5385,1253
5386,796
5387,2088
5388,696
5389,2110
5390,1777
5391,1465
5392,641
5393,426
5394,2203
5395,1404
5396,488
5397,1658
5398,194
5399,233
5400,793
5401,629
5402,1158
5403,304
5404,495
5405,252
5406,892
5407,1118
5408,1245
5409,1636
5410,2029
5411,117
5412,1651
5413,1507
5414,462
5415,1876
5416,1671
5417,2075
5418,2373
5419,1077
5420,494
5421,1240
5422,1142
5423,646
5424,2137
5425,802
5426,339
5427,324
5428,640
5429,1636
5430,109
5431,118
5432,1331
5433,1359
5434,1599
5435,2160
5436,2463
5437,221
5438,140
5439,988
5440,2026
5441,672
5442,2377
5443,554
5444,1704
5445,522
5446,2048
5447,233
5448,3
5449,1517
5450,1351
5451,2286
5452,445
5453,1666
5454,1385
5455,506
5456,1528
5457,784
5458,1064
5459,753
5460,1728
5461,1439
5462,1945
5463,868
5464,2319
5465,1337
5466,239
5467,1389
5468,2472
5469,2019
5470,483
5471,665
5472,2336
5473,1049
5474,2404
5475,890
5476,152
5477,386
5478,2347
5479,2032
5480,346
5481,536
5482,2167
5483,391
5484,509
5485,823
5486,1970
5487,1876
5488,1165
5489,1858
5490,1281
5491,802
5492,732
5493,1832
5494,2101
5495,1007
5496,979
5497,461
5498,2114
5499,1864
5500,451
5501,352
5502,1591
5503,830
5504,879
5505,2304
5506,1868
5507,943
5508,559
5509,1625
5510,2423
5511,700
5512,733
5513,256
5514,450
5515,848
5516,1221
5517,1982
5518,284
5519,1811
5520,2458
5521,554
5522,951
5523,2420
5524,1636
5525,2176
5526,1473
5527,1077
5528,293
5529,1878
5530,98
5531,2169
5532,1650
5533,1883
5534,1636
5535,2152
5536,2303
5537,366
5538,1888
5539,872
5540,1732
5541,880
5542,1048
5543,1871
5544,1458
5545,1945
5546,404
5547,716
5548,2008
5549,1970
5550,1025
5551,21
5552,717
5553,1055
5554,1519
5555,1765
5556,1363
5557,2457
5558,567
5559,894
5560,23
5561,712
5562,540
5563,1726
5564,2469
5565,1668
5566,868
5567,1459
5568,2368
5569,462
5570,1207
5571,998
5572,918
5573,1009
5574,286
5575,1939
5576,2008
5577,1539
5578,790
5579,2269
5580,2224
5581,2241
5582,1906
5583,1948
5584,1950
5585,461
5586,2370
5587,1031
5588,2375
5589,2362
5590,1386
5591,371
5592,2446
5593,100
5594,46
5595,2101
5596,1975
5597,1883
5598,371
5599,2263
5600,1736
5601,2087
5602,1985
5603,873
5604,1177
5605,2190
5606,1321
5607,1970
5608,2457
5609,2008
5610,450
5611,2238
5612,571
5613,192
5614,1405
5615,407
5616,1695
5617,1362
5618,1065
5619,647
5620,1649
5621,1876
5622,1034
5623,795
5624,2457
5625,1647
5626,2457
5627,1636
5628,600
5629,421
5630,629
5631,696
5632,485
5633,1731
5634,1219
5635,988
5636,73
5637,2408
5638,1180
5639,51
5640,704
5641,2457
5642,1726
5643,1368
5644,835
5645,810
5646,30
5647,2043
5648,2286
5649,812
5650,802
5651,2419
5652,1853
5653,1603
5654,613
5655,629
5656,1443
5657,2057
5658,609
5659,2110
5660,1794
5661,1710
5662,995
5663,130
5664,68
5665,1981
5666,1224
5667,440
5668,1039
5669,1232
5670,1586
5671,2153
5672,2187
5673,2010
5674,1372
5675,2344
5676,1946
5677,2025
5678,729
5679,1681
5680,1737
5681,1484
5682,988
5683,998
5684,1809
5685,791
5686,2197
5687,2415
5688,796
5689,2104
5690,322
5691,1636
5692,802
5693,954
5694,853
5695,573
5696,2455
5697,1131
5698,909
5699,2148
5700,786
5701,1368
5702,1476
5703,1822
5704,2255
5705,419
5706,1232
5707,2053
5708,2470
5709,167
5710,1730
5711,2164
5712,735
5713,2067
5714,2375
5715,2056
5716,744
5717,629
5718,937
5719,1117
5720,1636
5721,1726
5722,1491
5723,1837
5724,1689
5725,1778
5726,471
5727,992
5728,714
5729,173
5730,1190
5731,1896
5732,2463
5733,892
5734,1505
5735,529
5736,1831
5737,696
5738,329
5739,1686
5740,1525
5741,1693
5742,1732
5743,756
5744,2350
5745,1278
5746,2079
5747,462
5748,2263
5749,2455
5750,2239
5751,2051
5752,185
5753,2214
5754,1041
5755,258
5756,554
5757,1428
5758,2396
5759,673
5760,744
5761,2328
5762,2478
5763,1351
5764,1984
5765,1688
5766,1576
5767,897
5768,302
5769,2457
5770,1969
5771,1687
5772,392
5773,1977
5774,1249
5775,212
5776,2193
5777,603
5778,1241
5779,2183
5780,307
5781,329
5782,2453
5783,916
5784,1331
5785,1988
5786,2381
5787,29
5788,426
5789,1368
5790,747
5791,1875
5792,1636
5793,1971
5794,1823
5795,1526
5796,1875
5797,1865
5798,207
5799,2109
5800,1240
5801,1959
5802,1236
5803,1009
5804,1636
5805,921
5806,2118
5807,1715
5808,2121
5809,692
5810,2120
5811,1416
5812,868
5813,2056
5814,2127
5815,1700
5816,136
5817,1297
5818,2131
5819,239
5820,1341
5821,263
5822,2137
5823,1685
5824,756
5825,608
5826,1962
5827,748
5828,2044
5829,629
5830,1073
5831,1805
5832,1308
5833,679
5834,2143
5835,834
5836,206
5837,1510
5838,1629
5839,1770
5840,1231
5841,1728
5842,260
5843,2484
5844,1510
5845,642
5846,1417
5847,1945
5848,1636
5849,919
5850,1268
5851,269
5852,1178
5853,2367
5854,2156
5855,2048
5856,1597
5857,2361
5858,1510
5859,2166
5860,306
5861,437
5862,1183
5863,971
5864,1823
5865,2170
5866,901
5867,1945
5868,1377
5869,243
5870,1345
5871,629
5872,482
5873,1014
5874,1829
5875,1876
5876,685
5877,1703
5878,1558
5879,2230
5880,846
5881,1593
5882,988
5883,2054
5884,1220
5885,1632
5886,220
5887,583
5888,1418
5889,886
5890,1875
5891,1675
5892,1375
5893,1077
5894,1812
5895,898
5896,2272
5897,524
5898,2118
5899,2085
5900,275
5901,169
5902,605
5903,573
5904,1998
5905,872
5906,1050
5907,349
5908,629
5909,681
5910,2273
5911,360
5912,1968
5913,2006
5914,992
5915,2441
5916,748
5917,1711
5918,370
5919,2383
5920,115
5921,1402
5922,1831
5923,2048
5924,629
5925,678
5926,1589
5927,2061
5928,2333
5929,996
5930,858
5931,1726
5932,880
5933,1992
5934,2469
5935,420
5936,659
5937,1248
5938,61
5939,690
5940,1246
5941,996
5942,1721
5943,407
5944,483
5945,517
5946,2065
5947,2249
5948,2240
5949,2023
5950,418
5951,1026
5952,369
5953,2114
5954,1636
5955,563
5956,2423
5957,2107
5958,565
5959,844
5960,852
5961,486
5962,629
5963,1473
5964,2203
5965,1000
5966,1490
5967,1887
5968,2258
5969,1166
5970,837
5971,407
5972,2377
5973,488
5974,849
5975,188
5976,1091
5977,2030
5978,1332
5979,1351
5980,1284
5981,354
5982,569
5983,448
5984,429
5985,1636
5986,1571
5987,679
5988,2273
5989,2274
5990,1351
5991,880
5992,988
5993,788
5994,233
5995,2280
5996,284
5997,548
5998,1656
5999,2150
6000,1955
6001,434
6002,743
6003,1651
6004,1150
6005,1466
6006,2292
6007,1553
6008,988
6009,906
6010,1049
6011,1636
6012,1203
6013,562
6014,939
6015,223
6016,1919
6017,449
6018,675
6019,2273
6020,2485
6021,1587
6022,1367
6023,2481
6024,483
6025,1180
6026,821
6027,1697
6028,825
6029,320
6030,662
6031,844
6032,1875
6033,844
6034,2398
6035,1433
6036,107
6037,1142
6038,1409
6039,2324
6040,1249
6041,2022
6042,1799
6043,430
6044,2152
6045,2370
6046,2074
6047,2267
6048,1823
6049,2458
6050,1429
6051,1527
6052,2406
6053,2337
6054,1789
6055,1848
6056,802
6057,1360
6058,2137
6059,689
6060,1203
6061,734
6062,1168
6063,1953
6064,36
6065,952
6066,1747
6067,97
6068,46
6069,663
6070,308
6071,1101
6072,1732
6073,1627
6074,238
6075,2008
6076,482
6077,2154
6078,852
6079,1189
6080,777
6081,1834
6082,1253
6083,414
6084,2220
6085,2365
6086,2008
6087,1430
6088,1212
6089,2032
6090,1875
6091,1494
6092,1674
6093,1402
6094,2008
6095,696
6096,2455
6097,2184
6098,647
6099,519
6100,1592
6101,1264
6102,2216
6103,1307
6104,972
6105,1636
6106,453
6107,948
6108,24
6109,2315
6110,1945
6111,2188
6112,112
6113,1957
6114,189
6115,2366
6116,2170
6117,407
6118,448
6119,2370
6120,2485
6121,46
6122,411
6123,765
6124,1403
6125,1807
6126,432
6127,2389
6128,1009
6129,349
6130,625
6131,2192
6132,410
6133,56
6134,661
6135,1726
6136,2263
6137,81
6138,2315
6139,1114
6140,999
6141,425
6142,800
6143,948
6144,1962
6145,417
6146,2101
6147,1341
6148,1227
6149,427
6150,1068
6151,2434
6152,2413
6153,251
6154,1633
6155,1523
6156,711
6157,502
6158,2469
6159,1124
6160,1636
6161,347
6162,2304
6163,761
6164,1826
6165,868
6166,2345
6167,1242
6168,1808
6169,1378
6170,1002
6171,1117
6172,1217
6173,1945
6174,2119
6175,2485
6176,1942
6177,1877
6178,349
6179,2327
6180,1165
6181,1945
6182,787
6183,844
6184,1163
6185,2437
6186,252
6187,1656
6188,1728
6189,2442
6190,1019
6191,1977
6192,475
6193,636
6194,1009
6195,1431
6196,2418
6197,18
6198,228
6199,1602
6200,926
6201,335
6202,149
6203,2454
6204,2030
6205,1615
6206,1279
6207,174
6208,696
6209,872
6210,892
6211,1280
6212,1510
6213,744
6214,844
6215,252
6216,706
6217,1900
6218,958
6219,237
6220,481
6221,554
6222,1838
6223,907
6224,2374
6225,151
6226,232
6227,546
6228,1307
6229,1971
6230,2781
6231,2513
6232,13
6233,1974
6234,2550
6235,2801
6236,2490
6237,2733
6238,727
6239,2688
6240,1974
6241,2835
6242,2820
6243,2495
6244,727
6245,1974
6246,2835
6247,2757
6248,2801
6249,1974
6250,1199
6251,2800
6252,727
6253,1974
6254,2639
6255,2535
6256,2800
6257,1974
6258,1974
6259,1974
6260,2835
6261,1974
6262,2801
6263,2011
6264,2710
6265,2801
6266,2615
6267,2665
6268,2801
6269,2730
6270,727
6271,1974
6272,1974
6273,2510
6274,2546
6275,2512
6276,2801
6277,1292
6278,1974
6279,1974
6280,2810
6281,1974
6282,2562
6283,2504
6284,2544
6285,1974
6286,2801
6287,2820
6288,2715
6289,2801
6290,727
6291,2388
6292,2518
6293,1132
6294,1510
6295,727
6296,727
6297,727
6298,1974
6299,1974
6300,2801
6301,727
6302,727
6303,1292
6304,2835
6305,2834
6306,2801
6307,1974
6308,2800
6309,1292
6310,2801
6311,1974
6312,2526
6313,2780
6314,1974
6315,2502
6316,2565
6317,1974
6318,2529
6319,2530
6320,1974
6321,2388
6322,570
6323,2801
6324,2809
6325,1974
6326,1974
6327,2388
6328,2533
6329,2565
6330,1974
6331,2758
6332,2801
6333,2620
6334,2835
6335,1974
6336,833
6337,2532
6338,1974
6339,727
6340,2801
6341,2801
6342,2801
6343,2585
6344,727
6345,1952
6346,1974
6347,2545
6348,2588
6349,2719
6350,2746
6351,2801
6352,727
6353,2757
6354,247
6355,727
6356,1974
6357,2502
6358,1974
6359,2802
6360,727
6361,570
6362,1199
6363,2550
6364,2627
6365,1199
6366,2833
6367,2565
6368,2801
6369,2801
6370,2751
6371,2558
6372,2563
6373,2835
6374,2740
6375,1199
6376,2835
6377,1974
6378,2565
6379,1974
6380,2797
6381,2566
6382,727
6383,1974
6384,2680
6385,2584
6386,2801
6387,2832
6388,2719
6389,2801
6390,1292
6391,2662
6392,2801
6393,2819
6394,2695
6395,2838
6396,2683
6397,1446
6398,727
6399,2730
6400,2607
6401,2781
6402,727
6403,2801
6404,727
6405,727
6406,2757
6407,2835
6408,2576
6409,2577
6410,2593
6411,2534
6412,1974
6413,1292
6414,1974
6415,2801
6416,2388
6417,1199
6418,2835
6419,2624
6420,2550
6421,2835
6422,2488
6423,1199
6424,1826
6425,2586
6426,2594
6427,2571
6428,2835
6429,1292
6430,727
6431,2756
6432,2517
6433,1292
6434,2800
6435,2565
6436,1974
6437,2667
6438,1974
6439,2625
6440,2801
6441,1974
6442,2603
6443,2772
6444,2668
6445,1292
6446,2703
6447,1292
6448,2565
6449,2795
6450,1945
6451,2782
6452,1974
6453,1199
6454,727
6455,2820
6456,1974
6457,2835
6458,1974
6459,2612
6460,1974
6461,2569
6462,2541
6463,2614
6464,2600
6465,1199
6466,727
6467,727
6468,2801
6469,2619
6470,2639
6471,2757
6472,2607
6473,2550
6474,2801
6475,2623
6476,2692
6477,1974
6478,2835
6479,2803
6480,2526
6481,1292
6482,2516
6483,2654
6484,2511
6485,1974
6486,2629
6487,2801
6488,2630
6489,1974
6490,2150
6491,1974
6492,2835
6493,2750
6494,1974
6495,2835
6496,727
6497,2550
6498,1974
6499,727
6500,2634
6501,2801
6502,2169
6503,727
6504,2801
6505,2801
6506,1199
6507,2549
6508,1974
6509,2637
6510,727
6511,1974
6512,2679
6513,1699
6514,727
6515,2543
6516,2642
6517,2801
6518,2644
6519,2720
6520,2835
6521,2835
6522,2801
6523,1974
6524,1974
6525,1974
6526,1974
6527,2496
6528,1974
6529,2813
6530,2835
6531,727
6532,2801
6533,2647
6534,1974
6535,727
6536,727
6537,1974
6538,1974
6539,2671
6540,1974
6541,2579
6542,2254
6543,1974
6544,2800
6545,2388
6546,727
6547,2757
6548,2721
6549,1974
6550,2801
6551,2835
6552,727
6553,2750
6554,2811
6555,1974
6556,2651
6557,118
6558,1875
6559,2757
6560,2505
6561,2669
6562,2757
6563,2704
6564,2835
6565,2550
6566,2801
6567,1974
6568,2683
6569,2534
6570,2645
6571,2646
6572,727
6573,2641
6574,2835
6575,1974
6576,2536
6577,2835
6578,1974
6579,2687
6580,1199
6581,2654
6582,570
6583,727
6584,727
6585,2677
6586,2678
6587,2801
6588,2801
6589,2835
6590,2550
6591,1974
6592,1974
6593,2682
6594,2801
6595,2704
6596,2801
6597,917
6598,2835
6599,2787
6600,2686
6601,2617
6602,727
6603,2613
6604,1974
6605,727
6606,2596
6607,2587
6608,2653
6609,2025
6610,727
6611,727
6612,1009
6613,2801
6614,2801
6615,1974
6616,2663
6617,2801
6618,1974
6619,2694
6620,1974
6621,2801
6622,727
6623,1974
6624,1974
6625,1199
6626,2388
6627,2550
6628,2698
6629,2769
6630,838
6631,2757
6632,2669
6633,2801
6634,2559
6635,2565
6636,2701
6637,1974
6638,2528
6639,2801
6640,727
6641,2835
6642,2525
6643,2835
6644,2537
6645,727
6646,2706
6647,1974
6648,2565
6649,2835
6650,2835
6651,1177
6652,2757
6653,844
6654,2773
6655,1974
6656,2741
6657,2801
6658,2757
6659,2717
6660,261
6661,562
6662,2550
6663,2750
6664,727
6665,1292
6666,727
6667,2718
6668,1974
6669,2676
6670,2550
6671,727
6672,727
6673,917
6674,2584
6675,2800
6676,727
6677,1974
6678,2801
6679,2801
6680,1199
6681,1974
6682,2801
6683,2800
6684,727
6685,2550
6686,2693
6687,2801
6688,727
6689,2734
6690,2801
6691,2801
6692,1974
6693,1974
6694,2559
6695,2801
6696,2737
6697,2573
6698,2618
6699,1974
6700,727
6701,2770
6702,727
6703,2550
6704,2702
6705,2801
6706,2747
6707,2835
6708,1292
6709,2606
6710,2752
6711,2565
6712,2801
6713,2801
6714,2565
6715,2514
6716,2801
6717,2753
6718,2754
6719,2801
6720,2801
6721,1292
6722,2800
6723,1974
6724,2684
6725,2511
6726,2801
6727,2611
6728,1332
6729,1974
6730,2796
6731,727
6732,2565
6733,1974
6734,2759
6735,2760
6736,2633
6737,2778
6738,1292
6739,1974
6740,2800
6741,727
6742,1974
6743,2764
6744,2801
6745,2765
6746,1974
6747,727
6748,1974
6749,1651
6750,1974
6751,727
6752,2550
6753,2757
6754,1974
6755,646
6756,2835
6757,2776
6758,2835
6759,924
6760,727
6761,2801
6762,1642
6763,2727
6764,2752
6765,1974
6766,2565
6767,727
6768,2801
6769,1974
6770,407
6771,2801
6772,2801
6773,1545
6774,2801
6775,2790
6776,2800
6777,2801
6778,727
6779,2828
6780,2801
6781,2809
6782,2705
6783,727
6784,1974
6785,727
6786,2497
6787,2801
6788,2534
6789,1199
6790,2801
6791,2578
6792,1974
6793,2613
6794,2798
6795,570
6796,1974
6797,727
6798,2632
6799,2801
6800,1974
6801,2388
6802,2757
6803,2521
6804,2611
6805,2801
6806,2612
6807,1199
6808,1292
6809,2612
6810,2567
6811,2556
6812,727
6813,1974
6814,727
6815,727
6816,1974
6817,2569
6818,2807
6819,727
6820,1974
6821,1974
6822,2835
6823,2550
6824,2526
6825,727
6826,727
6827,2812
6828,2565
6829,2801
6830,2792
6831,2524
6832,1974
6833,2801
6834,2676
6835,2550
6836,1636
6837,2826
6838,1292
6839,2824
6840,2800
6841,1292
6842,2817
6843,1974
6844,2550
6845,2813
6846,2612
6847,1974
6848,727
6849,2652
6850,2801
6851,2757
6852,2534
6853,1974
6854,1974
6855,1974
6856,1292
6857,2823
6858,2801
6859,1974
6860,2500
6861,2670
6862,1974
6863,2550
6864,2757
6865,2827
6866,2584
6867,727
6868,2835
6869,727
6870,1974
6871,2830
6872,727
6873,1292
6874,2523
6875,2828
6876,2835
6877,2801
6878,1974
6879,2565
6880,1974
6881,1974
6882,2757
6883,2801
6884,2591
6885,1974
6886,1974
6887,1292
6888,2801
6889,2786
6890,2757
6891,2542
6892,2801
6893,2801
6894,1199
6895,2801
6896,2492
6897,2493
6898,727
6899,727
6900,2835
6901,2494
6902,2829
6903,2835
6904,1974
6905,1974
6906,1974
6907,2768
6908,1974
6909,2801
6910,2676
6911,727
6912,727
6913,2388
6914,2801
6915,2655
6916,2801
6917,2388
6918,1292
6919,2531
6920,1974
6921,1292
6922,727
6923,2801
6924,1974
6925,2648
6926,2501
6927,1974
6928,2658
6929,2739
6930,2714
6931,1974
6932,2621
6933,1974
6934,1974
6935,1974
6936,2388
6937,261
6938,1974
6939,2729
6940,2835
6941,2681
6942,1974
6943,2713
6944,2628
6945,2801
6946,2534
6947,2700
6948,727
6949,2828
6950,2564
6951,1974
6952,570
6953,1974
6954,1974
6955,2801
6956,2519
6957,2515
6958,2767
6959,1974
6960,2835
6961,1292
6962,2801
6963,2801
6964,570
6965,1292
6966,727
6967,2503
6968,2635
6969,2711
6970,2692
6971,229
6972,2801
6973,2707
6974,1974
6975,2835
6976,1974
6977,2455
6978,247
6979,727
6980,2726
6981,2745
6982,980
6983,2801
6984,2388
6985,2691
6986,1510
6987,2835
6988,727
6989,2550
6990,2558
6991,1974
6992,1292
6993,1974
6994,1974
6995,1974
6996,2800
6997,2835
6998,2539
6999,727
7000,1974
7001,2011
7002,1974
7003,2801
7004,2498
7005,727
7006,2564
7007,1974
7008,1974
7009,1974
7010,2783
7011,2835
7012,2801
7013,1974
7014,1974
7015,1974
7016,2800
7017,2811
7018,727
7019,2818
7020,2801
7021,2534
7022,2388
7023,2788
7024,727
7025,2532
7026,2553
7027,1974
7028,1974
7029,2520
7030,2775
7031,727
7032,1974
7033,2557
7034,727
7035,2665
7036,1974
7037,1199
7038,2561
7039,261
7040,2835
7041,1974
7042,2664
7043,727
7044,2801
7045,2796
7046,1974
7047,2825
7048,2801
7049,2660
7050,1974
7051,2568
7052,2650
7053,1292
7054,2689
7055,2712
7056,727
7057,2787
7058,2801
7059,727
7060,2696
7061,2679
7062,1974
7063,2602
7064,1974
7065,2712
7066,2757
7067,1974
7068,1974
7069,2777
7070,2572
7071,727
7072,1510
7073,2801
7074,2575
7075,727
7076,1292
7077,1974
7078,2558
7079,2582
7080,2695
7081,727
7082,2597
7083,2583
7084,2801
7085,2801
7086,2595
7087,915
7088,1974
7089,2502
7090,2776
7091,1292
7092,1974
7093,2578
7094,2801
7095,727
7096,727
7097,2589
7098,1974
7099,1974
7100,727
7101,2592
7102,2811
7103,2800
7104,727
7105,2554
7106,727
7107,2491
7108,2599
7109,1199
7110,2835
7111,1199
7112,727
7113,2801
7114,2604
7115,2643
7116,2608
7117,1287
7118,2609
7119,2542
7120,2801
7121,1974
7122,2538
7123,2550
7124,1974
7125,2801
7126,2388
7127,261
7128,2666
7129,1974
7130,2499
7131,2559
7132,1974
7133,2757
7134,727
7135,1974
7136,2622
7137,2652
7138,2835
7139,1292
7140,1974
7141,1510
7142,1974
7143,1974
7144,2626
7145,2800
7146,2744
7147,1974
7148,2801
7149,1974
7150,2598
7151,727
7152,2835
7153,2605
7154,2835
7155,2631
7156,2644
7157,2757
7158,1292
7159,2746
7160,2725
7161,1974
7162,2801
7163,727
7164,2709
7165,2304
7166,2723
7167,2716
7168,2768
7169,2636
7170,2801
7171,727
7172,2638
7173,1974
7174,2640
7175,2150
7176,727
7177,1974
7178,727
7179,2785
7180,562
7181,1974
7182,1275
7183,2801
7184,2673
7185,727
7186,2801
7187,1974
7188,2649
7189,2509
7190,2497
7191,1974
7192,727
7193,2697
7194,2745
7195,2763
7196,2771
7197,1974
7198,1974
7199,1974
7200,2497
7201,2150
7202,1974
7203,2657
7204,2663
7205,2835
7206,2722
7207,2659
7208,1974
7209,727
7210,2801
7211,2138
7212,2645
7213,2835
7214,1974
7215,2799
7216,570
7217,2550
7218,2565
7219,727
7220,2762
7221,2831
7222,1974
7223,2679
7224,2674
7225,2693
7226,2675
7227,727
7228,1292
7229,1974
7230,727
7231,2801
7232,2801
7233,2801
7234,1974
7235,2550
7236,1974
7237,2801
7238,727
7239,727
7240,2507
7241,2489
7242,2809
7243,1425
7244,2565
7245,1974
7246,2635
7247,727
7248,2731
7249,2540
7250,1199
7251,2690
7252,2794
7253,1974
7254,2528
7255,1974
7256,727
7257,2835
7258,1974
7259,1974
7260,2708
7261,727
7262,2388
7263,2801
7264,2050
7265,2616
7266,2801
7267,2801
7268,727
7269,2661
7270,727
7271,2801
7272,2679
7273,2679
7274,2801
7275,1974
7276,2801
7277,2793
7278,1510
7279,2695
7280,2560
7281,2720
7282,2809
7283,2565
7284,727
7285,727
7286,727
7287,2555
7288,2643
7289,2702
7290,1292
7291,1431
7292,1974
7293,2640
7294,2791
7295,727
7296,727
7297,1974
7298,727
7299,1974
7300,1974
7301,2778
7302,2771
7303,2388
7304,2801
7305,2732
7306,2550
7307,727
7308,2835
7309,1974
7310,2801
7311,2738
7312,917
7313,2565
7314,1974
7315,2190
7316,1199
7317,1974
7318,2835
7319,1974
7320,2801
7321,1974
7322,2724
7323,1974
7324,2552
7325,1974
7326,727
7327,1974
7328,1292
7329,2801
7330,2728
7331,1974
7332,2691
7333,2801
7334,642
7335,1974
7336,2565
7337,1974
7338,2508
7339,1974
7340,2610
7341,2735
7342,1974
7343,2654
7344,2736
7345,2835
7346,2612
7347,1132
7348,2742
7349,2580
7350,2743
7351,1974
7352,2565
7353,1974
7354,2801
7355,727
7356,727
7357,2835
7358,2835
7359,1974
7360,2665
7361,2692
7362,727
7363,727
7364,2748
7365,2749
7366,2554
7367,2574
7368,1974
7369,1292
7370,2735
7371,2801
7372,1292
7373,2800
7374,1974
7375,1199
7376,2757
7377,2755
7378,727
7379,1974
7380,1009
7381,1974
7382,1545
7383,1798
7384,2808
7385,2801
7386,2801
7387,2821
7388,2761
7389,570
7390,1974
7391,727
7392,2801
7393,727
7394,2801
7395,727
7396,2766
7397,1974
7398,727
7399,2744
7400,2801
7401,2388
7402,727
7403,1974
7404,1059
7405,2774
7406,2612
7407,2801
7408,2801
7409,1974
7410,727
7411,2800
7412,2547
7413,2558
7414,570
7415,1292
7416,2606
7417,1974
7418,2833
7419,2565
7420,2801
7421,2801
7422,2801
7423,1974
7424,2685
7425,1974
7426,727
7427,1391
7428,2784
7429,1974
7430,1974
7431,2789
7432,1974
7433,1988
7434,727
7435,2834
7436,727
7437,1974
7438,2590
7439,570
7440,2664
7441,2672
7442,727
7443,1974
7444,2801
7445,1199
7446,2779
7447,2527
7448,1199
7449,2565
7450,2801
7451,727
7452,2757
7453,1974
7454,2801
7455,1974
7456,2801
7457,1996
7458,1292
7459,2011
7460,2565
7461,2801
7462,2658
7463,2602
7464,2816
7465,2835
7466,1974
7467,2601
7468,2801
7469,2820
7470,1974
7471,2801
7472,2806
7473,1181
7474,2388
7475,2550
7476,2835
7477,2833
7478,1974
7479,2640
7480,2834
7481,2801
7482,1974
7483,1974
7484,2565
7485,666
7486,1974
7487,1974
7488,2679
7489,1759
7490,727
7491,2801
7492,570
7493,2607
7494,2835
7495,727
7496,2559
7497,1199
7498,2801
7499,1510
7500,2814
7501,2815
7502,2804
7503,727
7504,2581
7505,2565
7506,2506
7507,1974
7508,1199
7509,2510
7510,2543
7511,118
7512,1974
7513,2835
7514,1974
7515,2801
7516,727
7517,2548
7518,2534
7519,727
7520,2562
7521,2572
7522,2822
7523,2800
7524,2835
7525,2551
7526,2835
7527,2572
7528,727
7529,1974
7530,2805
7531,1974
7532,1292
7533,2801
7534,1974
7535,2522
7536,2570
7537,1545
7538,727
7539,1292
7540,1974
7541,1974
7542,1974
7543,1974
7544,727
7545,2720
7546,727
7547,2837
7548,1974
7549,2670
7550,727
7551,2716
7552,2612
7553,2521
7554,2699
7555,2835
7556,727
7557,2836
7558,2739
7559,2656
7560,1974
7561,2835
7562,2772
7563,1974
7564,2787
7565,2550
7566,2801
